#,ip_addr,date_accessed,endpoint_accessed,useragent
1,210.210.26.37,12/May/2018,,Mozilla
2,89.248.168.171,12/May/2018,,Mozilla AppleWebKit GoogleBot Safari
3,52.200.90.64,12/May/2018,18.218.81.57,Mozilla AppleWebKit GoogleBot Safari
4,52.200.90.64,12/May/2018,18.218.81.57,Mozilla AppleWebKit GoogleBot Safari
5,52.200.90.64,12/May/2018,18.218.81.57,Mozilla AppleWebKit GoogleBot Safari
6,52.200.90.64,12/May/2018,18.218.81.57,Mozilla AppleWebKit GoogleBot Safari
7,52.200.90.64,12/May/2018,18.218.81.57,Mozilla AppleWebKit GoogleBot Safari
8,104.131.184.239,12/May/2018,18.218.81.57,Mozilla AppleWebKit GoogleBot Safari
9,104.131.184.239,12/May/2018,18.218.81.57,Mozilla AppleWebKit GoogleBot Safari
10,104.131.184.239,12/May/2018,18.218.81.57,Mozilla AppleWebKit GoogleBot Safari
11,104.131.184.239,12/May/2018,18.218.81.57,Mozilla AppleWebKit GoogleBot Safari
12,104.131.184.239,12/May/2018,18.218.81.57,Mozilla AppleWebKit GoogleBot Safari
13,165.227.143.31,12/May/2018,18.218.81.57,Mozilla AppleWebKit GoogleBot Safari
14,165.227.143.31,12/May/2018,18.218.81.57,Mozilla AppleWebKit GoogleBot Safari
15,165.227.143.31,12/May/2018,18.218.81.57,Mozilla AppleWebKit GoogleBot Safari
16,165.227.143.31,12/May/2018,18.218.81.57,Mozilla AppleWebKit GoogleBot Safari
17,165.227.143.31,12/May/2018,18.218.81.57,Mozilla AppleWebKit GoogleBot Safari
18,13.127.239.17,12/May/2018,18.218.81.57,Mozilla AppleWebKit GoogleBot Safari
19,13.127.239.17,12/May/2018,18.218.81.57,Mozilla AppleWebKit GoogleBot Safari
20,13.127.239.17,12/May/2018,18.218.81.57,Mozilla AppleWebKit GoogleBot Safari
21,13.127.239.17,12/May/2018,18.218.81.57,Mozilla AppleWebKit GoogleBot Safari
22,13.127.239.17,12/May/2018,18.218.81.57,Mozilla AppleWebKit GoogleBot Safari
23,5.196.8.144,12/May/2018,18.218.81.57,Mozilla AppleWebKit GoogleBot Safari
24,5.196.8.144,12/May/2018,18.218.81.57,Mozilla AppleWebKit GoogleBot Safari
25,5.196.8.144,12/May/2018,18.218.81.57,Mozilla AppleWebKit GoogleBot Safari
26,5.196.8.144,12/May/2018,18.218.81.57,Mozilla AppleWebKit GoogleBot Safari
27,5.196.8.144,12/May/2018,18.218.81.57,Mozilla AppleWebKit GoogleBot Safari
28,217.182.252.123,12/May/2018,18.218.81.57,Mozilla AppleWebKit GoogleBot Safari
29,217.182.252.123,12/May/2018,18.218.81.57,Mozilla AppleWebKit GoogleBot Safari
30,217.182.252.123,12/May/2018,18.218.81.57,Mozilla AppleWebKit GoogleBot Safari
31,217.182.252.123,12/May/2018,18.218.81.57,Mozilla AppleWebKit GoogleBot Safari
32,217.182.252.123,12/May/2018,18.218.81.57,Mozilla AppleWebKit GoogleBot Safari
33,80.15.46.247,12/May/2018,18.218.81.57,Mozilla AppleWebKit GoogleBot Safari
34,80.15.46.247,12/May/2018,18.218.81.57,Mozilla AppleWebKit GoogleBot Safari
35,80.15.46.247,12/May/2018,18.218.81.57,Mozilla AppleWebKit GoogleBot Safari
36,80.15.46.247,12/May/2018,18.218.81.57,Mozilla AppleWebKit GoogleBot Safari
37,80.15.46.247,12/May/2018,18.218.81.57,Mozilla AppleWebKit GoogleBot Safari
38,212.83.164.162,13/May/2018,18.218.81.57,Mozilla AppleWebKit GoogleBot Safari
39,212.83.164.162,13/May/2018,18.218.81.57,Mozilla AppleWebKit GoogleBot Safari
40,212.83.164.162,13/May/2018,18.218.81.57,Mozilla AppleWebKit GoogleBot Safari
41,212.83.164.162,13/May/2018,18.218.81.57,Mozilla AppleWebKit GoogleBot Safari
42,212.83.164.162,13/May/2018,18.218.81.57,Mozilla AppleWebKit GoogleBot Safari
43,129.191.25.191,13/May/2018,18.218.81.57,Mozilla AppleWebKit GoogleBot Safari
44,129.191.25.191,13/May/2018,18.218.81.57,Mozilla AppleWebKit GoogleBot Safari
45,129.191.25.191,13/May/2018,18.218.81.57,Mozilla AppleWebKit GoogleBot Safari
46,129.191.25.191,13/May/2018,18.218.81.57,Mozilla AppleWebKit GoogleBot Safari
47,129.191.25.191,13/May/2018,18.218.81.57,Mozilla AppleWebKit GoogleBot Safari
48,104.236.74.33,13/May/2018,18.218.81.57,Mozilla AppleWebKit GoogleBot Safari
49,104.236.74.33,13/May/2018,18.218.81.57,Mozilla AppleWebKit GoogleBot Safari
50,104.236.74.33,13/May/2018,18.218.81.57,Mozilla AppleWebKit GoogleBot Safari
51,104.236.74.33,13/May/2018,18.218.81.57,Mozilla AppleWebKit GoogleBot Safari
52,104.236.74.33,13/May/2018,18.218.81.57,Mozilla AppleWebKit GoogleBot Safari
53,116.14.117.161,13/May/2018,18.218.81.57,Mozilla AppleWebKit GoogleBot Safari
54,116.14.117.161,13/May/2018,18.218.81.57,Mozilla AppleWebKit GoogleBot Safari
55,116.14.117.161,13/May/2018,18.218.81.57,Mozilla AppleWebKit GoogleBot Safari
56,116.14.117.161,13/May/2018,18.218.81.57,Mozilla AppleWebKit GoogleBot Safari
57,116.14.117.161,13/May/2018,18.218.81.57,Mozilla AppleWebKit GoogleBot Safari
58,138.197.207.206,13/May/2018,18.218.81.57,Mozilla AppleWebKit GoogleBot Safari
59,138.197.207.206,13/May/2018,18.218.81.57,Mozilla AppleWebKit GoogleBot Safari
60,138.197.207.206,13/May/2018,18.218.81.57,Mozilla AppleWebKit GoogleBot Safari
61,138.197.207.206,13/May/2018,18.218.81.57,Mozilla AppleWebKit GoogleBot Safari
62,138.197.207.206,13/May/2018,18.218.81.57,Mozilla AppleWebKit GoogleBot Safari
63,159.89.231.199,13/May/2018,18.218.81.57,Mozilla AppleWebKit GoogleBot Safari
64,159.89.231.199,13/May/2018,18.218.81.57,Mozilla AppleWebKit GoogleBot Safari
65,159.89.231.199,13/May/2018,18.218.81.57,Mozilla AppleWebKit GoogleBot Safari
66,159.89.231.199,13/May/2018,18.218.81.57,Mozilla AppleWebKit GoogleBot Safari
67,159.89.231.199,13/May/2018,18.218.81.57,Mozilla AppleWebKit GoogleBot Safari
68,88.114.240.175,13/May/2018,18.218.81.57,Mozilla AppleWebKit GoogleBot Safari
69,88.114.240.175,13/May/2018,18.218.81.57,Mozilla AppleWebKit GoogleBot Safari
70,88.114.240.175,13/May/2018,18.218.81.57,Mozilla AppleWebKit GoogleBot Safari
71,88.114.240.175,13/May/2018,18.218.81.57,Mozilla AppleWebKit GoogleBot Safari
72,88.114.240.175,13/May/2018,18.218.81.57,Mozilla AppleWebKit GoogleBot Safari
73,183.131.91.131,13/May/2018,,Mozilla
74,213.65.45.252,13/May/2018,18.218.81.57,Mozilla AppleWebKit GoogleBot Safari
75,213.65.45.252,13/May/2018,18.218.81.57,Mozilla AppleWebKit GoogleBot Safari
76,213.65.45.252,13/May/2018,18.218.81.57,Mozilla AppleWebKit GoogleBot Safari
77,213.65.45.252,13/May/2018,18.218.81.57,Mozilla AppleWebKit GoogleBot Safari
78,213.65.45.252,13/May/2018,18.218.81.57,Mozilla AppleWebKit GoogleBot Safari
79,124.188.34.166,13/May/2018,18.218.81.57,Mozilla AppleWebKit GoogleBot Safari
80,124.188.34.166,13/May/2018,18.218.81.57,Mozilla AppleWebKit GoogleBot Safari
81,124.188.34.166,13/May/2018,18.218.81.57,Mozilla AppleWebKit GoogleBot Safari
82,124.188.34.166,13/May/2018,18.218.81.57,Mozilla AppleWebKit GoogleBot Safari
83,124.188.34.166,13/May/2018,18.218.81.57,Mozilla AppleWebKit GoogleBot Safari
84,213.160.170.74,13/May/2018,18.218.81.57,Mozilla AppleWebKit GoogleBot Safari
85,213.160.170.74,13/May/2018,18.218.81.57,Mozilla AppleWebKit GoogleBot Safari
86,213.160.170.74,13/May/2018,18.218.81.57,Mozilla AppleWebKit GoogleBot Safari
87,213.160.170.74,13/May/2018,18.218.81.57,Mozilla AppleWebKit GoogleBot Safari
88,213.160.170.74,13/May/2018,18.218.81.57,Mozilla AppleWebKit GoogleBot Safari
89,167.99.94.29,13/May/2018,18.218.81.57,Mozilla AppleWebKit GoogleBot Safari
90,167.99.94.29,13/May/2018,18.218.81.57,Mozilla AppleWebKit GoogleBot Safari
91,167.99.94.29,13/May/2018,18.218.81.57,Mozilla AppleWebKit GoogleBot Safari
92,167.99.94.29,13/May/2018,18.218.81.57,Mozilla AppleWebKit GoogleBot Safari
93,167.99.94.29,13/May/2018,18.218.81.57,Mozilla AppleWebKit GoogleBot Safari
94,120.63.252.76,13/May/2018,18.218.81.57,Mozilla AppleWebKit GoogleBot Safari
95,120.63.252.76,13/May/2018,18.218.81.57,Mozilla AppleWebKit GoogleBot Safari
96,120.63.252.76,13/May/2018,18.218.81.57,Mozilla AppleWebKit GoogleBot Safari
97,120.63.252.76,13/May/2018,18.218.81.57,Mozilla AppleWebKit GoogleBot Safari
98,120.63.252.76,13/May/2018,18.218.81.57,Mozilla AppleWebKit GoogleBot Safari
99,80.211.238.210,13/May/2018,18.218.81.57,Mozilla AppleWebKit GoogleBot Safari
100,80.211.238.210,13/May/2018,18.218.81.57,Mozilla AppleWebKit GoogleBot Safari
101,80.211.238.210,13/May/2018,18.218.81.57,Mozilla AppleWebKit GoogleBot Safari
102,80.211.238.210,13/May/2018,18.218.81.57,Mozilla AppleWebKit GoogleBot Safari
103,80.211.238.210,13/May/2018,18.218.81.57,Mozilla AppleWebKit GoogleBot Safari
104,94.177.204.145,13/May/2018,18.218.81.57,Mozilla AppleWebKit GoogleBot Safari
105,94.177.204.145,13/May/2018,18.218.81.57,Mozilla AppleWebKit GoogleBot Safari
106,94.177.204.145,13/May/2018,18.218.81.57,Mozilla AppleWebKit GoogleBot Safari
107,94.177.204.145,13/May/2018,18.218.81.57,Mozilla AppleWebKit GoogleBot Safari
108,94.177.204.145,13/May/2018,18.218.81.57,Mozilla AppleWebKit GoogleBot Safari
109,88.68.198.163,13/May/2018,18.218.81.57,Mozilla AppleWebKit GoogleBot Safari
110,88.68.198.163,13/May/2018,18.218.81.57,Mozilla AppleWebKit GoogleBot Safari
111,88.68.198.163,13/May/2018,18.218.81.57,Mozilla AppleWebKit GoogleBot Safari
112,88.68.198.163,13/May/2018,18.218.81.57,Mozilla AppleWebKit GoogleBot Safari
113,88.68.198.163,13/May/2018,18.218.81.57,Mozilla AppleWebKit GoogleBot Safari
114,68.189.116.26,13/May/2018,18.218.81.57,Mozilla AppleWebKit GoogleBot Safari
115,68.189.116.26,13/May/2018,18.218.81.57,Mozilla AppleWebKit GoogleBot Safari
116,68.189.116.26,13/May/2018,18.218.81.57,Mozilla AppleWebKit GoogleBot Safari
117,68.189.116.26,13/May/2018,18.218.81.57,Mozilla AppleWebKit GoogleBot Safari
118,68.189.116.26,13/May/2018,18.218.81.57,Mozilla AppleWebKit GoogleBot Safari
119,59.106.208.220,13/May/2018,18.218.81.57,Mozilla AppleWebKit GoogleBot Safari
120,59.106.208.220,13/May/2018,18.218.81.57,Mozilla AppleWebKit GoogleBot Safari
121,59.106.208.220,13/May/2018,18.218.81.57,Mozilla AppleWebKit GoogleBot Safari
122,59.106.208.220,13/May/2018,18.218.81.57,Mozilla AppleWebKit GoogleBot Safari
123,59.106.208.220,13/May/2018,18.218.81.57,Mozilla AppleWebKit GoogleBot Safari
124,80.211.218.62,13/May/2018,18.218.81.57,Mozilla AppleWebKit GoogleBot Safari
125,80.211.218.62,13/May/2018,18.218.81.57,Mozilla AppleWebKit GoogleBot Safari
126,80.211.218.62,13/May/2018,18.218.81.57,Mozilla AppleWebKit GoogleBot Safari
127,80.211.218.62,13/May/2018,18.218.81.57,Mozilla AppleWebKit GoogleBot Safari
128,80.211.218.62,13/May/2018,18.218.81.57,Mozilla AppleWebKit GoogleBot Safari
129,71.6.202.198,13/May/2018,,Mozilla
130,159.203.41.180,13/May/2018,18.218.81.57,Mozilla AppleWebKit GoogleBot Safari
131,159.203.41.180,13/May/2018,18.218.81.57,Mozilla AppleWebKit GoogleBot Safari
132,159.203.41.180,13/May/2018,18.218.81.57,Mozilla AppleWebKit GoogleBot Safari
133,159.203.41.180,13/May/2018,18.218.81.57,Mozilla AppleWebKit GoogleBot Safari
134,159.203.41.180,13/May/2018,18.218.81.57,Mozilla AppleWebKit GoogleBot Safari
