1,210.210.26.37,[12/May/2018:06:26:15,+0000],/manager/html,"Mozilla/5.0Gecko/20100101"
2,89.248.168.171,[12/May/2018:10:17:17,+0000],/GponForm/diag_Form?images/,"Mozilla/5.0(WindowsNT10.0;Win64;x64)AppleWebKit/537.36(KHTML,likeGecko)Chrome/62.0.3202.89Safari/537.36"
3,52.200.90.64,[12/May/2018:18:15:27,+0000],http://18.218.81.57:80/phpmyadmin/,"Mozilla/5.0(WindowsNT10.0;Win64;x64)AppleWebKit/537.36(KHTML,likeGecko)Chrome/63.0.3239.132Safari/537.36"
4,52.200.90.64,[12/May/2018:18:15:27,+0000],http://18.218.81.57:80/PMA/,"Mozilla/5.0(WindowsNT10.0;Win64;x64)AppleWebKit/537.36(KHTML,likeGecko)Chrome/63.0.3239.132Safari/537.36"
5,52.200.90.64,[12/May/2018:18:15:27,+0000],http://18.218.81.57:80/dbadmin/,"Mozilla/5.0(WindowsNT10.0;Win64;x64)AppleWebKit/537.36(KHTML,likeGecko)Chrome/63.0.3239.132Safari/537.36"
6,52.200.90.64,[12/May/2018:18:15:27,+0000],http://18.218.81.57:80/pma/,"Mozilla/5.0(WindowsNT10.0;Win64;x64)AppleWebKit/537.36(KHTML,likeGecko)Chrome/63.0.3239.132Safari/537.36"
7,52.200.90.64,[12/May/2018:18:15:27,+0000],http://18.218.81.57:80/db/,"Mozilla/5.0(WindowsNT10.0;Win64;x64)AppleWebKit/537.36(KHTML,likeGecko)Chrome/63.0.3239.132Safari/537.36"
8,104.131.184.239,[12/May/2018:18:15:40,+0000],http://18.218.81.57:80/phpmyadmin/,"Mozilla/5.0(WindowsNT10.0;Win64;x64)AppleWebKit/537.36(KHTML,likeGecko)Chrome/63.0.3239.132Safari/537.36"
9,104.131.184.239,[12/May/2018:18:15:40,+0000],http://18.218.81.57:80/PMA/,"Mozilla/5.0(WindowsNT10.0;Win64;x64)AppleWebKit/537.36(KHTML,likeGecko)Chrome/63.0.3239.132Safari/537.36"
10,104.131.184.239,[12/May/2018:18:15:40,+0000],http://18.218.81.57:80/dbadmin/,"Mozilla/5.0(WindowsNT10.0;Win64;x64)AppleWebKit/537.36(KHTML,likeGecko)Chrome/63.0.3239.132Safari/537.36"
11,104.131.184.239,[12/May/2018:18:15:40,+0000],http://18.218.81.57:80/pma/,"Mozilla/5.0(WindowsNT10.0;Win64;x64)AppleWebKit/537.36(KHTML,likeGecko)Chrome/63.0.3239.132Safari/537.36"
12,104.131.184.239,[12/May/2018:18:15:40,+0000],http://18.218.81.57:80/db/,"Mozilla/5.0(WindowsNT10.0;Win64;x64)AppleWebKit/537.36(KHTML,likeGecko)Chrome/63.0.3239.132Safari/537.36"
13,165.227.143.31,[12/May/2018:18:17:22,+0000],http://18.218.81.57:80/phpmyadmin/,"Mozilla/5.0(WindowsNT10.0;Win64;x64)AppleWebKit/537.36(KHTML,likeGecko)Chrome/63.0.3239.132Safari/537.36"
14,165.227.143.31,[12/May/2018:18:17:22,+0000],http://18.218.81.57:80/PMA/,"Mozilla/5.0(WindowsNT10.0;Win64;x64)AppleWebKit/537.36(KHTML,likeGecko)Chrome/63.0.3239.132Safari/537.36"
15,165.227.143.31,[12/May/2018:18:17:22,+0000],http://18.218.81.57:80/dbadmin/,"Mozilla/5.0(WindowsNT10.0;Win64;x64)AppleWebKit/537.36(KHTML,likeGecko)Chrome/63.0.3239.132Safari/537.36"
16,165.227.143.31,[12/May/2018:18:17:22,+0000],http://18.218.81.57:80/pma/,"Mozilla/5.0(WindowsNT10.0;Win64;x64)AppleWebKit/537.36(KHTML,likeGecko)Chrome/63.0.3239.132Safari/537.36"
17,165.227.143.31,[12/May/2018:18:17:23,+0000],http://18.218.81.57:80/db/,"Mozilla/5.0(WindowsNT10.0;Win64;x64)AppleWebKit/537.36(KHTML,likeGecko)Chrome/63.0.3239.132Safari/537.36"
18,13.127.239.17,[12/May/2018:18:36:00,+0000],http://18.218.81.57:80/phpmyadmin/,"Mozilla/5.0(WindowsNT10.0;Win64;x64)AppleWebKit/537.36(KHTML,likeGecko)Chrome/63.0.3239.132Safari/537.36"
19,13.127.239.17,[12/May/2018:18:36:00,+0000],http://18.218.81.57:80/PMA/,"Mozilla/5.0(WindowsNT10.0;Win64;x64)AppleWebKit/537.36(KHTML,likeGecko)Chrome/63.0.3239.132Safari/537.36"
20,13.127.239.17,[12/May/2018:18:36:00,+0000],http://18.218.81.57:80/dbadmin/,"Mozilla/5.0(WindowsNT10.0;Win64;x64)AppleWebKit/537.36(KHTML,likeGecko)Chrome/63.0.3239.132Safari/537.36"
21,13.127.239.17,[12/May/2018:18:36:00,+0000],http://18.218.81.57:80/pma/,"Mozilla/5.0(WindowsNT10.0;Win64;x64)AppleWebKit/537.36(KHTML,likeGecko)Chrome/63.0.3239.132Safari/537.36"
22,13.127.239.17,[12/May/2018:18:36:01,+0000],http://18.218.81.57:80/db/,"Mozilla/5.0(WindowsNT10.0;Win64;x64)AppleWebKit/537.36(KHTML,likeGecko)Chrome/63.0.3239.132Safari/537.36"
23,5.196.8.144,[12/May/2018:21:30:03,+0000],http://18.218.81.57:80/phpmyadmin/,"Mozilla/5.0(WindowsNT10.0;Win64;x64)AppleWebKit/537.36(KHTML,likeGecko)Chrome/63.0.3239.132Safari/537.36"
24,5.196.8.144,[12/May/2018:21:30:03,+0000],http://18.218.81.57:80/PMA/,"Mozilla/5.0(WindowsNT10.0;Win64;x64)AppleWebKit/537.36(KHTML,likeGecko)Chrome/63.0.3239.132Safari/537.36"
25,5.196.8.144,[12/May/2018:21:30:03,+0000],http://18.218.81.57:80/dbadmin/,"Mozilla/5.0(WindowsNT10.0;Win64;x64)AppleWebKit/537.36(KHTML,likeGecko)Chrome/63.0.3239.132Safari/537.36"
26,5.196.8.144,[12/May/2018:21:30:04,+0000],http://18.218.81.57:80/pma/,"Mozilla/5.0(WindowsNT10.0;Win64;x64)AppleWebKit/537.36(KHTML,likeGecko)Chrome/63.0.3239.132Safari/537.36"
27,5.196.8.144,[12/May/2018:21:30:04,+0000],http://18.218.81.57:80/db/,"Mozilla/5.0(WindowsNT10.0;Win64;x64)AppleWebKit/537.36(KHTML,likeGecko)Chrome/63.0.3239.132Safari/537.36"
28,217.182.252.123,[12/May/2018:23:13:05,+0000],http://18.218.81.57:80/phpmyadmin/,"Mozilla/5.0(WindowsNT10.0;Win64;x64)AppleWebKit/537.36(KHTML,likeGecko)Chrome/63.0.3239.132Safari/537.36"
29,217.182.252.123,[12/May/2018:23:13:05,+0000],http://18.218.81.57:80/PMA/,"Mozilla/5.0(WindowsNT10.0;Win64;x64)AppleWebKit/537.36(KHTML,likeGecko)Chrome/63.0.3239.132Safari/537.36"
30,217.182.252.123,[12/May/2018:23:13:05,+0000],http://18.218.81.57:80/dbadmin/,"Mozilla/5.0(WindowsNT10.0;Win64;x64)AppleWebKit/537.36(KHTML,likeGecko)Chrome/63.0.3239.132Safari/537.36"
31,217.182.252.123,[12/May/2018:23:13:05,+0000],http://18.218.81.57:80/pma/,"Mozilla/5.0(WindowsNT10.0;Win64;x64)AppleWebKit/537.36(KHTML,likeGecko)Chrome/63.0.3239.132Safari/537.36"
32,217.182.252.123,[12/May/2018:23:13:05,+0000],http://18.218.81.57:80/db/,"Mozilla/5.0(WindowsNT10.0;Win64;x64)AppleWebKit/537.36(KHTML,likeGecko)Chrome/63.0.3239.132Safari/537.36"
33,80.15.46.247,[12/May/2018:23:24:55,+0000],http://18.218.81.57:80/phpmyadmin/,"Mozilla/5.0(WindowsNT10.0;Win64;x64)AppleWebKit/537.36(KHTML,likeGecko)Chrome/63.0.3239.132Safari/537.36"
34,80.15.46.247,[12/May/2018:23:24:55,+0000],http://18.218.81.57:80/PMA/,"Mozilla/5.0(WindowsNT10.0;Win64;x64)AppleWebKit/537.36(KHTML,likeGecko)Chrome/63.0.3239.132Safari/537.36"
35,80.15.46.247,[12/May/2018:23:24:56,+0000],http://18.218.81.57:80/dbadmin/,"Mozilla/5.0(WindowsNT10.0;Win64;x64)AppleWebKit/537.36(KHTML,likeGecko)Chrome/63.0.3239.132Safari/537.36"
36,80.15.46.247,[12/May/2018:23:24:56,+0000],http://18.218.81.57:80/pma/,"Mozilla/5.0(WindowsNT10.0;Win64;x64)AppleWebKit/537.36(KHTML,likeGecko)Chrome/63.0.3239.132Safari/537.36"
37,80.15.46.247,[12/May/2018:23:24:56,+0000],http://18.218.81.57:80/db/,"Mozilla/5.0(WindowsNT10.0;Win64;x64)AppleWebKit/537.36(KHTML,likeGecko)Chrome/63.0.3239.132Safari/537.36"
38,212.83.164.162,[13/May/2018:00:21:50,+0000],http://18.218.81.57:80/phpmyadmin/,"Mozilla/5.0(WindowsNT10.0;Win64;x64)AppleWebKit/537.36(KHTML,likeGecko)Chrome/63.0.3239.132Safari/537.36"
39,212.83.164.162,[13/May/2018:00:21:51,+0000],http://18.218.81.57:80/PMA/,"Mozilla/5.0(WindowsNT10.0;Win64;x64)AppleWebKit/537.36(KHTML,likeGecko)Chrome/63.0.3239.132Safari/537.36"
40,212.83.164.162,[13/May/2018:00:21:51,+0000],http://18.218.81.57:80/dbadmin/,"Mozilla/5.0(WindowsNT10.0;Win64;x64)AppleWebKit/537.36(KHTML,likeGecko)Chrome/63.0.3239.132Safari/537.36"
41,212.83.164.162,[13/May/2018:00:21:51,+0000],http://18.218.81.57:80/pma/,"Mozilla/5.0(WindowsNT10.0;Win64;x64)AppleWebKit/537.36(KHTML,likeGecko)Chrome/63.0.3239.132Safari/537.36"
42,212.83.164.162,[13/May/2018:00:21:51,+0000],http://18.218.81.57:80/db/,"Mozilla/5.0(WindowsNT10.0;Win64;x64)AppleWebKit/537.36(KHTML,likeGecko)Chrome/63.0.3239.132Safari/537.36"
43,129.191.25.191,[13/May/2018:02:50:24,+0000],http://18.218.81.57:80/phpmyadmin/,"Mozilla/5.0(WindowsNT10.0;Win64;x64)AppleWebKit/537.36(KHTML,likeGecko)Chrome/63.0.3239.132Safari/537.36"
44,129.191.25.191,[13/May/2018:02:50:24,+0000],http://18.218.81.57:80/PMA/,"Mozilla/5.0(WindowsNT10.0;Win64;x64)AppleWebKit/537.36(KHTML,likeGecko)Chrome/63.0.3239.132Safari/537.36"
45,129.191.25.191,[13/May/2018:02:50:24,+0000],http://18.218.81.57:80/dbadmin/,"Mozilla/5.0(WindowsNT10.0;Win64;x64)AppleWebKit/537.36(KHTML,likeGecko)Chrome/63.0.3239.132Safari/537.36"
46,129.191.25.191,[13/May/2018:02:50:24,+0000],http://18.218.81.57:80/pma/,"Mozilla/5.0(WindowsNT10.0;Win64;x64)AppleWebKit/537.36(KHTML,likeGecko)Chrome/63.0.3239.132Safari/537.36"
47,129.191.25.191,[13/May/2018:02:50:24,+0000],http://18.218.81.57:80/db/,"Mozilla/5.0(WindowsNT10.0;Win64;x64)AppleWebKit/537.36(KHTML,likeGecko)Chrome/63.0.3239.132Safari/537.36"
48,104.236.74.33,[13/May/2018:04:04:12,+0000],http://18.218.81.57:80/phpmyadmin/,"Mozilla/5.0(WindowsNT10.0;Win64;x64)AppleWebKit/537.36(KHTML,likeGecko)Chrome/63.0.3239.132Safari/537.36"
49,104.236.74.33,[13/May/2018:04:04:12,+0000],http://18.218.81.57:80/PMA/,"Mozilla/5.0(WindowsNT10.0;Win64;x64)AppleWebKit/537.36(KHTML,likeGecko)Chrome/63.0.3239.132Safari/537.36"
50,104.236.74.33,[13/May/2018:04:04:12,+0000],http://18.218.81.57:80/dbadmin/,"Mozilla/5.0(WindowsNT10.0;Win64;x64)AppleWebKit/537.36(KHTML,likeGecko)Chrome/63.0.3239.132Safari/537.36"
51,104.236.74.33,[13/May/2018:04:04:12,+0000],http://18.218.81.57:80/pma/,"Mozilla/5.0(WindowsNT10.0;Win64;x64)AppleWebKit/537.36(KHTML,likeGecko)Chrome/63.0.3239.132Safari/537.36"
52,104.236.74.33,[13/May/2018:04:04:12,+0000],http://18.218.81.57:80/db/,"Mozilla/5.0(WindowsNT10.0;Win64;x64)AppleWebKit/537.36(KHTML,likeGecko)Chrome/63.0.3239.132Safari/537.36"
53,116.14.117.161,[13/May/2018:04:24:06,+0000],http://18.218.81.57:80/phpmyadmin/,"Mozilla/5.0(WindowsNT10.0;Win64;x64)AppleWebKit/537.36(KHTML,likeGecko)Chrome/63.0.3239.132Safari/537.36"
54,116.14.117.161,[13/May/2018:04:24:06,+0000],http://18.218.81.57:80/PMA/,"Mozilla/5.0(WindowsNT10.0;Win64;x64)AppleWebKit/537.36(KHTML,likeGecko)Chrome/63.0.3239.132Safari/537.36"
55,116.14.117.161,[13/May/2018:04:24:07,+0000],http://18.218.81.57:80/dbadmin/,"Mozilla/5.0(WindowsNT10.0;Win64;x64)AppleWebKit/537.36(KHTML,likeGecko)Chrome/63.0.3239.132Safari/537.36"
56,116.14.117.161,[13/May/2018:04:24:07,+0000],http://18.218.81.57:80/pma/,"Mozilla/5.0(WindowsNT10.0;Win64;x64)AppleWebKit/537.36(KHTML,likeGecko)Chrome/63.0.3239.132Safari/537.36"
57,116.14.117.161,[13/May/2018:04:24:07,+0000],http://18.218.81.57:80/db/,"Mozilla/5.0(WindowsNT10.0;Win64;x64)AppleWebKit/537.36(KHTML,likeGecko)Chrome/63.0.3239.132Safari/537.36"
58,138.197.207.206,[13/May/2018:07:07:15,+0000],http://18.218.81.57:80/phpmyadmin/,"Mozilla/5.0(WindowsNT10.0;Win64;x64)AppleWebKit/537.36(KHTML,likeGecko)Chrome/63.0.3239.132Safari/537.36"
59,138.197.207.206,[13/May/2018:07:07:15,+0000],http://18.218.81.57:80/PMA/,"Mozilla/5.0(WindowsNT10.0;Win64;x64)AppleWebKit/537.36(KHTML,likeGecko)Chrome/63.0.3239.132Safari/537.36"
60,138.197.207.206,[13/May/2018:07:07:15,+0000],http://18.218.81.57:80/dbadmin/,"Mozilla/5.0(WindowsNT10.0;Win64;x64)AppleWebKit/537.36(KHTML,likeGecko)Chrome/63.0.3239.132Safari/537.36"
61,138.197.207.206,[13/May/2018:07:07:15,+0000],http://18.218.81.57:80/pma/,"Mozilla/5.0(WindowsNT10.0;Win64;x64)AppleWebKit/537.36(KHTML,likeGecko)Chrome/63.0.3239.132Safari/537.36"
62,138.197.207.206,[13/May/2018:07:07:15,+0000],http://18.218.81.57:80/db/,"Mozilla/5.0(WindowsNT10.0;Win64;x64)AppleWebKit/537.36(KHTML,likeGecko)Chrome/63.0.3239.132Safari/537.36"
63,159.89.231.199,[13/May/2018:07:12:19,+0000],http://18.218.81.57:80/phpmyadmin/,"Mozilla/5.0(WindowsNT10.0;Win64;x64)AppleWebKit/537.36(KHTML,likeGecko)Chrome/63.0.3239.132Safari/537.36"
64,159.89.231.199,[13/May/2018:07:12:19,+0000],http://18.218.81.57:80/PMA/,"Mozilla/5.0(WindowsNT10.0;Win64;x64)AppleWebKit/537.36(KHTML,likeGecko)Chrome/63.0.3239.132Safari/537.36"
65,159.89.231.199,[13/May/2018:07:12:19,+0000],http://18.218.81.57:80/dbadmin/,"Mozilla/5.0(WindowsNT10.0;Win64;x64)AppleWebKit/537.36(KHTML,likeGecko)Chrome/63.0.3239.132Safari/537.36"
66,159.89.231.199,[13/May/2018:07:12:19,+0000],http://18.218.81.57:80/pma/,"Mozilla/5.0(WindowsNT10.0;Win64;x64)AppleWebKit/537.36(KHTML,likeGecko)Chrome/63.0.3239.132Safari/537.36"
67,159.89.231.199,[13/May/2018:07:12:19,+0000],http://18.218.81.57:80/db/,"Mozilla/5.0(WindowsNT10.0;Win64;x64)AppleWebKit/537.36(KHTML,likeGecko)Chrome/63.0.3239.132Safari/537.36"
68,88.114.240.175,[13/May/2018:07:14:03,+0000],http://18.218.81.57:80/phpmyadmin/,"Mozilla/5.0(WindowsNT10.0;Win64;x64)AppleWebKit/537.36(KHTML,likeGecko)Chrome/63.0.3239.132Safari/537.36"
69,88.114.240.175,[13/May/2018:07:14:03,+0000],http://18.218.81.57:80/PMA/,"Mozilla/5.0(WindowsNT10.0;Win64;x64)AppleWebKit/537.36(KHTML,likeGecko)Chrome/63.0.3239.132Safari/537.36"
70,88.114.240.175,[13/May/2018:07:14:03,+0000],http://18.218.81.57:80/dbadmin/,"Mozilla/5.0(WindowsNT10.0;Win64;x64)AppleWebKit/537.36(KHTML,likeGecko)Chrome/63.0.3239.132Safari/537.36"
71,88.114.240.175,[13/May/2018:07:14:03,+0000],http://18.218.81.57:80/pma/,"Mozilla/5.0(WindowsNT10.0;Win64;x64)AppleWebKit/537.36(KHTML,likeGecko)Chrome/63.0.3239.132Safari/537.36"
72,88.114.240.175,[13/May/2018:07:14:03,+0000],http://18.218.81.57:80/db/,"Mozilla/5.0(WindowsNT10.0;Win64;x64)AppleWebKit/537.36(KHTML,likeGecko)Chrome/63.0.3239.132Safari/537.36"
73,183.131.91.131,[13/May/2018:08:32:52,+0000],/manager/html,"Mozilla/5.0(compatible;MSIE10.0;WindowsNT6.2;WOW64;Trident/6.0)"
74,213.65.45.252,[13/May/2018:10:44:47,+0000],http://18.218.81.57:80/phpmyadmin/,"Mozilla/5.0(WindowsNT10.0;Win64;x64)AppleWebKit/537.36(KHTML,likeGecko)Chrome/63.0.3239.132Safari/537.36"
75,213.65.45.252,[13/May/2018:10:44:47,+0000],http://18.218.81.57:80/PMA/,"Mozilla/5.0(WindowsNT10.0;Win64;x64)AppleWebKit/537.36(KHTML,likeGecko)Chrome/63.0.3239.132Safari/537.36"
76,213.65.45.252,[13/May/2018:10:44:47,+0000],http://18.218.81.57:80/dbadmin/,"Mozilla/5.0(WindowsNT10.0;Win64;x64)AppleWebKit/537.36(KHTML,likeGecko)Chrome/63.0.3239.132Safari/537.36"
77,213.65.45.252,[13/May/2018:10:44:48,+0000],http://18.218.81.57:80/pma/,"Mozilla/5.0(WindowsNT10.0;Win64;x64)AppleWebKit/537.36(KHTML,likeGecko)Chrome/63.0.3239.132Safari/537.36"
78,213.65.45.252,[13/May/2018:10:44:48,+0000],http://18.218.81.57:80/db/,"Mozilla/5.0(WindowsNT10.0;Win64;x64)AppleWebKit/537.36(KHTML,likeGecko)Chrome/63.0.3239.132Safari/537.36"
79,124.188.34.166,[13/May/2018:10:47:13,+0000],http://18.218.81.57:80/phpmyadmin/,"Mozilla/5.0(WindowsNT10.0;Win64;x64)AppleWebKit/537.36(KHTML,likeGecko)Chrome/63.0.3239.132Safari/537.36"
80,124.188.34.166,[13/May/2018:10:47:13,+0000],http://18.218.81.57:80/PMA/,"Mozilla/5.0(WindowsNT10.0;Win64;x64)AppleWebKit/537.36(KHTML,likeGecko)Chrome/63.0.3239.132Safari/537.36"
81,124.188.34.166,[13/May/2018:10:47:13,+0000],http://18.218.81.57:80/dbadmin/,"Mozilla/5.0(WindowsNT10.0;Win64;x64)AppleWebKit/537.36(KHTML,likeGecko)Chrome/63.0.3239.132Safari/537.36"
82,124.188.34.166,[13/May/2018:10:47:14,+0000],http://18.218.81.57:80/pma/,"Mozilla/5.0(WindowsNT10.0;Win64;x64)AppleWebKit/537.36(KHTML,likeGecko)Chrome/63.0.3239.132Safari/537.36"
83,124.188.34.166,[13/May/2018:10:47:14,+0000],http://18.218.81.57:80/db/,"Mozilla/5.0(WindowsNT10.0;Win64;x64)AppleWebKit/537.36(KHTML,likeGecko)Chrome/63.0.3239.132Safari/537.36"
84,213.160.170.74,[13/May/2018:10:59:13,+0000],http://18.218.81.57:80/phpmyadmin/,"Mozilla/5.0(WindowsNT10.0;Win64;x64)AppleWebKit/537.36(KHTML,likeGecko)Chrome/63.0.3239.132Safari/537.36"
85,213.160.170.74,[13/May/2018:10:59:13,+0000],http://18.218.81.57:80/PMA/,"Mozilla/5.0(WindowsNT10.0;Win64;x64)AppleWebKit/537.36(KHTML,likeGecko)Chrome/63.0.3239.132Safari/537.36"
86,213.160.170.74,[13/May/2018:10:59:13,+0000],http://18.218.81.57:80/dbadmin/,"Mozilla/5.0(WindowsNT10.0;Win64;x64)AppleWebKit/537.36(KHTML,likeGecko)Chrome/63.0.3239.132Safari/537.36"
87,213.160.170.74,[13/May/2018:10:59:13,+0000],http://18.218.81.57:80/pma/,"Mozilla/5.0(WindowsNT10.0;Win64;x64)AppleWebKit/537.36(KHTML,likeGecko)Chrome/63.0.3239.132Safari/537.36"
88,213.160.170.74,[13/May/2018:10:59:13,+0000],http://18.218.81.57:80/db/,"Mozilla/5.0(WindowsNT10.0;Win64;x64)AppleWebKit/537.36(KHTML,likeGecko)Chrome/63.0.3239.132Safari/537.36"
89,167.99.94.29,[13/May/2018:10:59:36,+0000],http://18.218.81.57:80/phpmyadmin/,"Mozilla/5.0(WindowsNT10.0;Win64;x64)AppleWebKit/537.36(KHTML,likeGecko)Chrome/63.0.3239.132Safari/537.36"
90,167.99.94.29,[13/May/2018:10:59:36,+0000],http://18.218.81.57:80/PMA/,"Mozilla/5.0(WindowsNT10.0;Win64;x64)AppleWebKit/537.36(KHTML,likeGecko)Chrome/63.0.3239.132Safari/537.36"
91,167.99.94.29,[13/May/2018:10:59:36,+0000],http://18.218.81.57:80/dbadmin/,"Mozilla/5.0(WindowsNT10.0;Win64;x64)AppleWebKit/537.36(KHTML,likeGecko)Chrome/63.0.3239.132Safari/537.36"
92,167.99.94.29,[13/May/2018:10:59:36,+0000],http://18.218.81.57:80/pma/,"Mozilla/5.0(WindowsNT10.0;Win64;x64)AppleWebKit/537.36(KHTML,likeGecko)Chrome/63.0.3239.132Safari/537.36"
93,167.99.94.29,[13/May/2018:10:59:36,+0000],http://18.218.81.57:80/db/,"Mozilla/5.0(WindowsNT10.0;Win64;x64)AppleWebKit/537.36(KHTML,likeGecko)Chrome/63.0.3239.132Safari/537.36"
94,120.63.252.76,[13/May/2018:11:09:41,+0000],http://18.218.81.57:80/phpmyadmin/,"Mozilla/5.0(WindowsNT10.0;Win64;x64)AppleWebKit/537.36(KHTML,likeGecko)Chrome/63.0.3239.132Safari/537.36"
95,120.63.252.76,[13/May/2018:11:09:41,+0000],http://18.218.81.57:80/PMA/,"Mozilla/5.0(WindowsNT10.0;Win64;x64)AppleWebKit/537.36(KHTML,likeGecko)Chrome/63.0.3239.132Safari/537.36"
96,120.63.252.76,[13/May/2018:11:09:42,+0000],http://18.218.81.57:80/dbadmin/,"Mozilla/5.0(WindowsNT10.0;Win64;x64)AppleWebKit/537.36(KHTML,likeGecko)Chrome/63.0.3239.132Safari/537.36"
97,120.63.252.76,[13/May/2018:11:09:42,+0000],http://18.218.81.57:80/pma/,"Mozilla/5.0(WindowsNT10.0;Win64;x64)AppleWebKit/537.36(KHTML,likeGecko)Chrome/63.0.3239.132Safari/537.36"
98,120.63.252.76,[13/May/2018:11:09:42,+0000],http://18.218.81.57:80/db/,"Mozilla/5.0(WindowsNT10.0;Win64;x64)AppleWebKit/537.36(KHTML,likeGecko)Chrome/63.0.3239.132Safari/537.36"
99,80.211.238.210,[13/May/2018:11:53:21,+0000],http://18.218.81.57:80/phpmyadmin/,"Mozilla/5.0(WindowsNT10.0;Win64;x64)AppleWebKit/537.36(KHTML,likeGecko)Chrome/63.0.3239.132Safari/537.36"
100,80.211.238.210,[13/May/2018:11:53:22,+0000],http://18.218.81.57:80/PMA/,"Mozilla/5.0(WindowsNT10.0;Win64;x64)AppleWebKit/537.36(KHTML,likeGecko)Chrome/63.0.3239.132Safari/537.36"
101,80.211.238.210,[13/May/2018:11:53:22,+0000],http://18.218.81.57:80/dbadmin/,"Mozilla/5.0(WindowsNT10.0;Win64;x64)AppleWebKit/537.36(KHTML,likeGecko)Chrome/63.0.3239.132Safari/537.36"
102,80.211.238.210,[13/May/2018:11:53:22,+0000],http://18.218.81.57:80/pma/,"Mozilla/5.0(WindowsNT10.0;Win64;x64)AppleWebKit/537.36(KHTML,likeGecko)Chrome/63.0.3239.132Safari/537.36"
103,80.211.238.210,[13/May/2018:11:53:22,+0000],http://18.218.81.57:80/db/,"Mozilla/5.0(WindowsNT10.0;Win64;x64)AppleWebKit/537.36(KHTML,likeGecko)Chrome/63.0.3239.132Safari/537.36"
104,94.177.204.145,[13/May/2018:12:21:35,+0000],http://18.218.81.57:80/phpmyadmin/,"Mozilla/5.0(WindowsNT10.0;Win64;x64)AppleWebKit/537.36(KHTML,likeGecko)Chrome/63.0.3239.132Safari/537.36"
105,94.177.204.145,[13/May/2018:12:21:35,+0000],http://18.218.81.57:80/PMA/,"Mozilla/5.0(WindowsNT10.0;Win64;x64)AppleWebKit/537.36(KHTML,likeGecko)Chrome/63.0.3239.132Safari/537.36"
106,94.177.204.145,[13/May/2018:12:21:36,+0000],http://18.218.81.57:80/dbadmin/,"Mozilla/5.0(WindowsNT10.0;Win64;x64)AppleWebKit/537.36(KHTML,likeGecko)Chrome/63.0.3239.132Safari/537.36"
107,94.177.204.145,[13/May/2018:12:21:36,+0000],http://18.218.81.57:80/pma/,"Mozilla/5.0(WindowsNT10.0;Win64;x64)AppleWebKit/537.36(KHTML,likeGecko)Chrome/63.0.3239.132Safari/537.36"
108,94.177.204.145,[13/May/2018:12:21:37,+0000],http://18.218.81.57:80/db/,"Mozilla/5.0(WindowsNT10.0;Win64;x64)AppleWebKit/537.36(KHTML,likeGecko)Chrome/63.0.3239.132Safari/537.36"
109,88.68.198.163,[13/May/2018:12:38:53,+0000],http://18.218.81.57:80/phpmyadmin/,"Mozilla/5.0(WindowsNT10.0;Win64;x64)AppleWebKit/537.36(KHTML,likeGecko)Chrome/63.0.3239.132Safari/537.36"
110,88.68.198.163,[13/May/2018:12:38:54,+0000],http://18.218.81.57:80/PMA/,"Mozilla/5.0(WindowsNT10.0;Win64;x64)AppleWebKit/537.36(KHTML,likeGecko)Chrome/63.0.3239.132Safari/537.36"
111,88.68.198.163,[13/May/2018:12:38:54,+0000],http://18.218.81.57:80/dbadmin/,"Mozilla/5.0(WindowsNT10.0;Win64;x64)AppleWebKit/537.36(KHTML,likeGecko)Chrome/63.0.3239.132Safari/537.36"
112,88.68.198.163,[13/May/2018:12:38:54,+0000],http://18.218.81.57:80/pma/,"Mozilla/5.0(WindowsNT10.0;Win64;x64)AppleWebKit/537.36(KHTML,likeGecko)Chrome/63.0.3239.132Safari/537.36"
113,88.68.198.163,[13/May/2018:12:38:54,+0000],http://18.218.81.57:80/db/,"Mozilla/5.0(WindowsNT10.0;Win64;x64)AppleWebKit/537.36(KHTML,likeGecko)Chrome/63.0.3239.132Safari/537.36"
114,68.189.116.26,[13/May/2018:13:57:29,+0000],http://18.218.81.57:80/phpmyadmin/,"Mozilla/5.0(WindowsNT10.0;Win64;x64)AppleWebKit/537.36(KHTML,likeGecko)Chrome/63.0.3239.132Safari/537.36"
115,68.189.116.26,[13/May/2018:13:57:29,+0000],http://18.218.81.57:80/PMA/,"Mozilla/5.0(WindowsNT10.0;Win64;x64)AppleWebKit/537.36(KHTML,likeGecko)Chrome/63.0.3239.132Safari/537.36"
116,68.189.116.26,[13/May/2018:13:57:29,+0000],http://18.218.81.57:80/dbadmin/,"Mozilla/5.0(WindowsNT10.0;Win64;x64)AppleWebKit/537.36(KHTML,likeGecko)Chrome/63.0.3239.132Safari/537.36"
117,68.189.116.26,[13/May/2018:13:57:30,+0000],http://18.218.81.57:80/pma/,"Mozilla/5.0(WindowsNT10.0;Win64;x64)AppleWebKit/537.36(KHTML,likeGecko)Chrome/63.0.3239.132Safari/537.36"
118,68.189.116.26,[13/May/2018:13:57:30,+0000],http://18.218.81.57:80/db/,"Mozilla/5.0(WindowsNT10.0;Win64;x64)AppleWebKit/537.36(KHTML,likeGecko)Chrome/63.0.3239.132Safari/537.36"
119,59.106.208.220,[13/May/2018:14:00:06,+0000],http://18.218.81.57:80/phpmyadmin/,"Mozilla/5.0(WindowsNT10.0;Win64;x64)AppleWebKit/537.36(KHTML,likeGecko)Chrome/63.0.3239.132Safari/537.36"
120,59.106.208.220,[13/May/2018:14:00:06,+0000],http://18.218.81.57:80/PMA/,"Mozilla/5.0(WindowsNT10.0;Win64;x64)AppleWebKit/537.36(KHTML,likeGecko)Chrome/63.0.3239.132Safari/537.36"
121,59.106.208.220,[13/May/2018:14:00:06,+0000],http://18.218.81.57:80/dbadmin/,"Mozilla/5.0(WindowsNT10.0;Win64;x64)AppleWebKit/537.36(KHTML,likeGecko)Chrome/63.0.3239.132Safari/537.36"
122,59.106.208.220,[13/May/2018:14:00:06,+0000],http://18.218.81.57:80/pma/,"Mozilla/5.0(WindowsNT10.0;Win64;x64)AppleWebKit/537.36(KHTML,likeGecko)Chrome/63.0.3239.132Safari/537.36"
123,59.106.208.220,[13/May/2018:14:00:07,+0000],http://18.218.81.57:80/db/,"Mozilla/5.0(WindowsNT10.0;Win64;x64)AppleWebKit/537.36(KHTML,likeGecko)Chrome/63.0.3239.132Safari/537.36"
124,80.211.218.62,[13/May/2018:14:00:55,+0000],http://18.218.81.57:80/phpmyadmin/,"Mozilla/5.0(WindowsNT10.0;Win64;x64)AppleWebKit/537.36(KHTML,likeGecko)Chrome/63.0.3239.132Safari/537.36"
125,80.211.218.62,[13/May/2018:14:00:55,+0000],http://18.218.81.57:80/PMA/,"Mozilla/5.0(WindowsNT10.0;Win64;x64)AppleWebKit/537.36(KHTML,likeGecko)Chrome/63.0.3239.132Safari/537.36"
126,80.211.218.62,[13/May/2018:14:00:55,+0000],http://18.218.81.57:80/dbadmin/,"Mozilla/5.0(WindowsNT10.0;Win64;x64)AppleWebKit/537.36(KHTML,likeGecko)Chrome/63.0.3239.132Safari/537.36"
127,80.211.218.62,[13/May/2018:14:00:55,+0000],http://18.218.81.57:80/pma/,"Mozilla/5.0(WindowsNT10.0;Win64;x64)AppleWebKit/537.36(KHTML,likeGecko)Chrome/63.0.3239.132Safari/537.36"
128,80.211.218.62,[13/May/2018:14:00:55,+0000],http://18.218.81.57:80/db/,"Mozilla/5.0(WindowsNT10.0;Win64;x64)AppleWebKit/537.36(KHTML,likeGecko)Chrome/63.0.3239.132Safari/537.36"
129,71.6.202.198,[13/May/2018:14:21:09,+0000],/ccvv,"Mozilla/5.0(compatible;MSIE9.0;WindowsNT6.1;WOW64)"
130,159.203.41.180,[13/May/2018:14:52:48,+0000],http://18.218.81.57:80/phpmyadmin/,"Mozilla/5.0(WindowsNT10.0;Win64;x64)AppleWebKit/537.36(KHTML,likeGecko)Chrome/63.0.3239.132Safari/537.36"
131,159.203.41.180,[13/May/2018:14:52:48,+0000],http://18.218.81.57:80/PMA/,"Mozilla/5.0(WindowsNT10.0;Win64;x64)AppleWebKit/537.36(KHTML,likeGecko)Chrome/63.0.3239.132Safari/537.36"
132,159.203.41.180,[13/May/2018:14:52:48,+0000],http://18.218.81.57:80/dbadmin/,"Mozilla/5.0(WindowsNT10.0;Win64;x64)AppleWebKit/537.36(KHTML,likeGecko)Chrome/63.0.3239.132Safari/537.36"
133,159.203.41.180,[13/May/2018:14:52:48,+0000],http://18.218.81.57:80/pma/,"Mozilla/5.0(WindowsNT10.0;Win64;x64)AppleWebKit/537.36(KHTML,likeGecko)Chrome/63.0.3239.132Safari/537.36"
134,159.203.41.180,[13/May/2018:14:52:48,+0000],http://18.218.81.57:80/db/,"Mozilla/5.0(WindowsNT10.0;Win64;x64)AppleWebKit/537.36(KHTML,likeGecko)Chrome/63.0.3239.132Safari/537.36"
